{
    "extra": {
        "fatal_item_ids": [],
        "logid": "20230721155923E11B5C46A431FA038B62",
        "now": 1689926363000
    },
    "log_pb": {
        "impr_id": "20230721155923E11B5C46A431FA038B62"
    },
    "status_code": 0,
    "status_msg": null,
    "user": {
        "apple_account": 0,
        "avatar_168x168": {
            "height": 720,
            "uri": "aweme-avatar/tos-cn-i-0813_d1dc48cd00f54143999a07a9ef5b83d6",
            "url_list": [
                "https://p3-pc.douyinpic.com/img/aweme-avatar/tos-cn-i-0813_d1dc48cd00f54143999a07a9ef5b83d6~c5_168x168.jpeg?from=2956013662"
            ],
            "width": 720
        },
        "avatar_300x300": {
            "height": 720,
            "uri": "aweme-avatar/tos-cn-i-0813_d1dc48cd00f54143999a07a9ef5b83d6",
            "url_list": [
                "https://p3-pc.douyinpic.com/img/aweme-avatar/tos-cn-i-0813_d1dc48cd00f54143999a07a9ef5b83d6~c5_300x300.jpeg?from=2956013662"
            ],
            "width": 720
        },
        "avatar_larger": {
            "height": 720,
            "uri": "aweme-avatar/tos-cn-i-0813_d1dc48cd00f54143999a07a9ef5b83d6",
            "url_list": [
                "https://p3-pc.douyinpic.com/aweme/1080x1080/aweme-avatar/tos-cn-i-0813_d1dc48cd00f54143999a07a9ef5b83d6.jpeg?from=2956013662"
            ],
            "width": 720
        },
        "avatar_medium": {
            "height": 720,
            "uri": "aweme-avatar/tos-cn-i-0813_d1dc48cd00f54143999a07a9ef5b83d6",
            "url_list": [
                "https://p3-pc.douyinpic.com/aweme/720x720/aweme-avatar/tos-cn-i-0813_d1dc48cd00f54143999a07a9ef5b83d6.jpeg?from=2956013662"
            ],
            "width": 720
        },
        "avatar_thumb": {
            "height": 720,
            "uri": "aweme-avatar/tos-cn-i-0813_d1dc48cd00f54143999a07a9ef5b83d6",
            "url_list": [
                "https://p3-pc.douyinpic.com/aweme/100x100/aweme-avatar/tos-cn-i-0813_d1dc48cd00f54143999a07a9ef5b83d6.jpeg?from=2956013662"
            ],
            "width": 720
        },
        "aweme_count": 509,
        "aweme_count_correction_threshold": -1,
        "birthday_hide_level": 0,
        "can_set_item_cover": false,
        "can_show_group_card": 1,
        "card_entries": [
            {
                "card_data": "{\"is_order_card\":false,\"has_new\":false,\"is_store\":false,\"shop_id\":\"\",\"product_count\":45,\"store_type\":\"window\",\"icon_is_repeat\":false,\"icon_type\":\"png\",\"is_promotion_icon\":false,\"subtitle_resource_list\":\"\"}",
                "event_params": "",
                "goto_url": "sslocal://goods/shop?uid=101881718376&sec_uid=MS4wLjABAAAA85mPkf3FPVNmf_XTn4xpYrqB7kwPf7N7haPEJrRW8CQ",
                "icon_dark": {
                    "url_list": [
                        "https://lf3-static.bytednsdoc.com/obj/eden-cn/fylmmlqeh7nupanuhog/ic_light-2x.png",
                        "https://lf9-static.bytednsdoc.com/obj/eden-cn/fylmmlqeh7nupanuhog/ic_light-2x.png",
                        "https://lf26-static.bytednsdoc.com/obj/eden-cn/fylmmlqeh7nupanuhog/ic_light-2x.png",
                        "https://lf3-static.bytednsdoc.com/obj/eden-cn/fylmmlqeh7nupanuhog/ic_light-3x.png",
                        "https://lf9-static.bytednsdoc.com/obj/eden-cn/fylmmlqeh7nupanuhog/ic_light-3x.png",
                        "https://lf26-static.bytednsdoc.com/obj/eden-cn/fylmmlqeh7nupanuhog/ic_light-3x.png"
                    ]
                },
                "icon_light": {
                    "url_list": [
                        "https://lf3-static.bytednsdoc.com/obj/eden-cn/fylmmlqeh7nupanuhog/ic_dark-2x.png",
                        "https://lf9-static.bytednsdoc.com/obj/eden-cn/fylmmlqeh7nupanuhog/ic_dark-2x.png",
                        "https://lf26-static.bytednsdoc.com/obj/eden-cn/fylmmlqeh7nupanuhog/ic_dark-2x.png",
                        "https://lf3-static.bytednsdoc.com/obj/eden-cn/fylmmlqeh7nupanuhog/ic_dark-3x.png",
                        "https://lf9-static.bytednsdoc.com/obj/eden-cn/fylmmlqeh7nupanuhog/ic_dark-3x.png",
                        "https://lf26-static.bytednsdoc.com/obj/eden-cn/fylmmlqeh7nupanuhog/ic_dark-3x.png"
                    ]
                },
                "sub_title": "45件好物",
                "title": "进入橱窗",
                "type": 1
            },
            {
                "goto_url": "aweme://im/FansGroup/GuestState",
                "icon_dark": {
                    "uri": "https://p3.douyinpic.com/obj/im-resource/old_fans_group_manage_dark.png",
                    "url_list": [
                        "https://p3.douyinpic.com/obj/im-resource/old_fans_group_manage_dark.png",
                        "https://p6.douyinpic.com/obj/im-resource/old_fans_group_manage_dark.png",
                        "https://p9.douyinpic.com/obj/im-resource/old_fans_group_manage_dark.png"
                    ]
                },
                "icon_light": {
                    "uri": "https://p3.douyinpic.com/obj/im-resource/old_fans_group_manage_light.png",
                    "url_list": [
                        "https://p3.douyinpic.com/obj/im-resource/old_fans_group_manage_light.png",
                        "https://p6.douyinpic.com/obj/im-resource/old_fans_group_manage_light.png",
                        "https://p9.douyinpic.com/obj/im-resource/old_fans_group_manage_light.png"
                    ]
                },
                "sub_title": "5个群聊",
                "title": "粉丝群",
                "type": 2
            },
            {
                "card_data": "{\"has_yellow_point\":false,\"announcement_release_time\":0,\"preview_video_release_time\":0,\"precipitation_video_release_time\":0,\"style\":0,\"appointment_id\":0,\"typ\":0,\"subscribe_cnt\":0,\"subscribe_status\":0,\"top_title\":\"\",\"top_subtitle\":\"\",\"cycle\":0}",
                "goto_url": "sslocal://webcast_lynxview?url=https%3A%2F%2Flf-webcast-gr-sourcecdn.bytegecko.com%2Fobj%2Fbyte-gurd-source-gr%2Fwebcast%2Fmono%2Flynx%2Fcommunity_live_dynamic_douyin%2Ftemplate%2Fpages%2Flive_dynamic%2Ftemplate.js%3Fanchor_id%3D101881718376%26sec_anchor_id%3DMS4wLjABAAAA85mPkf3FPVNmf_XTn4xpYrqB7kwPf7N7haPEJrRW8CQ&web_bg_color=%23161823&status_bar_color=white&type=fullscreen&hide_nav_bar=1&trans_status_bar=1&enable_preload=main&fallback_url=sslocal%3A%2F%2Fwebcast_webview%3Furl%3Dhttps%253A%252F%252Flf-webcast-gr-sourcecdn.bytegecko.com%252Fobj%252Fbyte-gurd-source-gr%252Fwebcast%252Fmono%252Flynx%252Fcommunity_live_dynamic_douyin%252Fweb%252Ftemplate%252Fpages%252Flive_dynamic%252Findex.html%253Fanchor_id%253D101881718376%2526sec_anchor_id%253DMS4wLjABAAAA85mPkf3FPVNmf_XTn4xpYrqB7kwPf7N7haPEJrRW8CQ%26web_bg_color%3D%2523161823%26status_bar_color%3Dwhite%26type%3Dfullscreen%26hide_nav_bar%3D1%26trans_status_bar%3D1",
                "icon_dark": {
                    "uri": "obj/eden-cn/91eh7uhfnult/all_cards_old_version/type6_live_dynamic_dark.png",
                    "url_list": [
                        "https://p6-dy-ipv6.byteimg.com/obj/eden-cn/91eh7uhfnult/all_cards_old_version/type6_live_dynamic_dark.png",
                        "https://p3-dy-ipv6.byteimg.com/obj/eden-cn/91eh7uhfnult/all_cards_old_version/type6_live_dynamic_dark.png",
                        "https://p9-dy.byteimg.com/obj/eden-cn/91eh7uhfnult/all_cards_old_version/type6_live_dynamic_dark.png"
                    ]
                },
                "icon_light": {
                    "uri": "obj/eden-cn/91eh7uhfnult/all_cards_old_version/type6_live_dynamic_light.png",
                    "url_list": [
                        "https://p6-dy-ipv6.byteimg.com/obj/eden-cn/91eh7uhfnult/all_cards_old_version/type6_live_dynamic_light.png",
                        "https://p3-dy-ipv6.byteimg.com/obj/eden-cn/91eh7uhfnult/all_cards_old_version/type6_live_dynamic_light.png",
                        "https://p9-dy.byteimg.com/obj/eden-cn/91eh7uhfnult/all_cards_old_version/type6_live_dynamic_light.png"
                    ]
                },
                "sub_title": "查看历史记录",
                "title": "直播动态",
                "type": 6
            }
        ],
        "city": "",
        "close_friend_type": 0,
        "commerce_info": {
            "challenge_list": [],
            "head_image_list": null,
            "offline_info_list": [
                {
                    "conf_type": 12,
                    "content": "{\"content\":\"周一至周日 12:00-19:00\",\"title\":\"营业中\"}",
                    "link_type": "business_hours",
                    "offline_info_type": 10,
                    "text": "营业时间"
                }
            ],
            "smart_phone_list": null,
            "task_list": null
        },
        "commerce_permissions": {
            "enterprise": 1
        },
        "commerce_user_info": {
            "ad_revenue_rits": null,
            "has_ads_entry": true,
            "show_star_atlas_cooperation": false,
            "star_atlas": 1
        },
        "commerce_user_level": 0,
        "country": "",
        "cover_and_head_image_info": {
            "cover_list": null,
            "profile_cover_list": [
                {
                    "cover_url": {
                        "uri": "tos-cn-i-0813/oYCAEmz7fAE3VIuEAeICACYAWFhEICANgyxpXh",
                        "url_list": [
                            "https://p9-pc-sign.douyinpic.com/obj/tos-cn-i-0813/oYCAEmz7fAE3VIuEAeICACYAWFhEICANgyxpXh?x-expires=1690095600&x-signature=NAJ%2FjJEHPlY7HxKa0kE5fk7Cz1Y%3D&from=2480802190",
                            "https://p6-pc-sign.douyinpic.com/obj/tos-cn-i-0813/oYCAEmz7fAE3VIuEAeICACYAWFhEICANgyxpXh?x-expires=1690095600&x-signature=DiKX1ZdzN73ZC4yOaHDeGVVobwg%3D&from=2480802190",
                            "https://p3-pc-sign.douyinpic.com/obj/tos-cn-i-0813/oYCAEmz7fAE3VIuEAeICACYAWFhEICANgyxpXh?x-expires=1690095600&x-signature=L6vVRkoeX3t05kYybFKuh8J67mY%3D&from=2480802190"
                        ]
                    },
                    "dark_cover_color": "#FF1c2320",
                    "light_cover_color": "#FF1c2320"
                }
            ]
        },
        "cover_colour": "#03373EE5",
        "cover_url": [
            {
                "uri": "tos-cn-i-0813/oYCAEmz7fAE3VIuEAeICACYAWFhEICANgyxpXh",
                "url_list": [
                    "https://p9-pc-sign.douyinpic.com/obj/tos-cn-i-0813/oYCAEmz7fAE3VIuEAeICACYAWFhEICANgyxpXh?x-expires=1690095600&x-signature=NAJ%2FjJEHPlY7HxKa0kE5fk7Cz1Y%3D&from=2480802190",
                    "https://p6-pc-sign.douyinpic.com/obj/tos-cn-i-0813/oYCAEmz7fAE3VIuEAeICACYAWFhEICANgyxpXh?x-expires=1690095600&x-signature=DiKX1ZdzN73ZC4yOaHDeGVVobwg%3D&from=2480802190",
                    "https://p3-pc-sign.douyinpic.com/obj/tos-cn-i-0813/oYCAEmz7fAE3VIuEAeICACYAWFhEICANgyxpXh?x-expires=1690095600&x-signature=L6vVRkoeX3t05kYybFKuh8J67mY%3D&from=2480802190"
                ]
            },
            {
                "uri": "c8510002be9a3a61aad2",
                "url_list": [
                    "https://p3-pc-sign.douyinpic.com/obj/c8510002be9a3a61aad2?x-expires=1690095600&x-signature=bi35K0GxzoTCJXQTxuuHrK5jtbU%3D&from=2480802190",
                    "https://p9-pc-sign.douyinpic.com/obj/c8510002be9a3a61aad2?x-expires=1690095600&x-signature=KVQFnvZbyx4npP5TVeBAyJV81yQ%3D&from=2480802190",
                    "https://p6-pc-sign.douyinpic.com/obj/c8510002be9a3a61aad2?x-expires=1690095600&x-signature=oSqLoYWpVlzBQHgYoui1Gxn79Ng%3D&from=2480802190"
                ]
            }
        ],
        "custom_verify": "",
        "district": "",
        "dongtai_count": 0,
        "dynamic_cover": {},
        "enable_wish": false,
        "enterprise_user_info": "{\"commerce_info\":{\"offline_info_list\":[{\"offline_info_type\":10,\"text\":\"营业时间\",\"link_type\":\"business_hours\",\"content\":\"{\\\"content\\\":\\\"周一至周日 12:00-19:00\\\",\\\"title\\\":\\\"营业中\\\"}\",\"conf_type\":12}],\"challenge_list\":[],\"task_list\":null,\"head_image_list\":null,\"smart_phone_list\":null},\"homepage_bottom_toast\":null,\"tab_settings\":{\"enterprise_tab\":{\"title\":\"商家\",\"tab_type\":0,\"show_tab_settings\":true,\"tab_link\":\"aweme://lynxview/?enter_from=profile&channel=mp_lynx_tab&bundle=template.js&hide_nav_bar=1&dynamic=1&surl=https%3A%2F%2Flf-dy-sourcecdn-tos.bytegecko.com%2Fobj%2Fbyte-gurd-source%2Faweme%2Fplatform%2Flynx%2Fmp_lynx_tab%2Ftemplate.js&is_editor=0&is_checking=0&loading_bgcolor=00000000&needReloadWithTheme=1&use_bdx=1&trans_status_bar=1&use_gecko_first=1&container_bgcolor=00000000&page_enabled=1&page_priority=1&template_id=0&record_id=0&is_owner=0&sec_to_user_id=MS4wLjABAAAA85mPkf3FPVNmf_XTn4xpYrqB7kwPf7N7haPEJrRW8CQ&to_user_id=101881718376&business_type=0&offline_info_count=1&show_loading=1\",\"show_tab_style\":0}},\"profile_tab_type\":5,\"permissions\":[{\"Id\":3,\"Key\":\"ItemShop\",\"Name\":\"视频电商\",\"AppId\":1128,\"Status\":1,\"Extra\":null,\"Customization\":null,\"Parent\":0,\"Actions\":null},{\"Id\":4,\"Key\":\"LiveShop\",\"Name\":\"直播电商\",\"AppId\":1128,\"Status\":1,\"Extra\":null,\"Customization\":null,\"Parent\":0,\"Actions\":null},{\"Id\":5,\"Key\":\"UserShop\",\"Name\":\"个人橱窗\",\"AppId\":1128,\"Status\":1,\"Extra\":null,\"Customization\":null,\"Parent\":1,\"Actions\":null},{\"Id\":54,\"Key\":\"EIMCustomizeMenus\",\"Name\":\"自定义私信菜单\",\"AppId\":1575,\"Status\":1,\"Extra\":null,\"Customization\":null,\"Parent\":12,\"Actions\":null},{\"Id\":76,\"Key\":\"EHomepageTabManagement\",\"Name\":\"商家页面\",\"AppId\":1575,\"Status\":1,\"Extra\":null,\"Customization\":null,\"Parent\":17,\"Actions\":null},{\"Id\":81,\"Key\":\"Enterprise\",\"Name\":\"企业权限标识\",\"AppId\":1128,\"Status\":1,\"Extra\":null,\"Customization\":null,\"Parent\":0,\"Actions\":null},{\"Id\":120,\"Key\":\"IMMonitor\",\"Name\":\"私信监管\",\"AppId\":1128,\"Status\":1,\"Extra\":null,\"Customization\":null,\"Parent\":0,\"Actions\":null},{\"Id\":443,\"Key\":\"EIMCommand\",\"Name\":\"私信指令消息\",\"AppId\":1128,\"Status\":1,\"Extra\":null,\"Customization\":null,\"Parent\":12,\"Actions\":null}],\"e_role_key\":\"EAccountMPlus\",\"tab_ceiling_toast\":null,\"limiters\":null,\"attic_info\":null,\"profile_edit_button\":null,\"elite_center\":{\"recommend_target\":\"GeneralESC\",\"candidates\":[{\"key\":\"GeneralESC\",\"biz\":1,\"title\":\"企业服务中心\",\"schema\":\"aweme://webview?url=https%3A%2F%2Fapi.amemv.com%2Finsights%2Felite%2Fmp_business_elite%2Fpages%2Fenterprise-service-center%2Findex.html%3Fhide_nav_bar%3D1%26allow_lmb%3D1%26container_bgcolor%3Dffffff%26status_font_dark%3D1%26enter_from%3DhomeSidebar&awe_falcon=sh\"}]},\"enterprise_card_visibility\":true,\"blue_label_edit_jump_url\":\"aweme://webview/?url=https%3A%2F%2Fapi.amemv.com%2Finsights%2Flite%2FcontactSetting%3Fhide_nav_bar%3D1%26title%3D%25E8%2581%2594%25E7%25B3%25BB%25E6%2596%25B9%25E5%25BC%258F%26enter_from%3Dcustomized_tab&hide_nav_bar=1&title=%E8%81%94%E7%B3%BB%E6%96%B9%E5%BC%8F&rn_schema=aweme%3A%2F%2Freactnative%2F%3Fchannel_name%3Drn_patch%26bundle_name%3Dbusiness%26module_name%3Dpage_e_lite_contactSetting%26force_h5%3D1%26hide_nav_bar%3D1%26bundle_url%3D%26title%3D%25E8%2581%2594%25E7%25B3%25BB%25E6%2596%25B9%25E5%25BC%258F%26enter_from%3Dcustomized_tab\"}",
        "enterprise_verify_reason": "",
        "favorite_permission": 0,
        "favoriting_count": 0,
        "follow_status": 1,
        "follower_count": 298468,
        "follower_request_status": 0,
        "follower_status": 0,
        "following_count": 45,
        "forward_count": 0,
        "gender": 1,
        "general_permission": {
            "following_follower_list_toast": 1
        },
        "has_e_account_role": true,
        "has_subscription": true,
        "im_primary_role_id": 1001,
        "im_role_ids": [
            1001,
            1003,
            17,
            8,
            19,
            9,
            1100
        ],
        "image_send_exempt": false,
        "ins_id": "",
        "ip_location": "IP属地：广东",
        "is_activity_user": false,
        "is_ban": false,
        "is_block": false,
        "is_blocked": false,
        "is_effect_artist": false,
        "is_gov_media_vip": false,
        "is_mix_user": true,
        "is_not_show": false,
        "is_series_user": false,
        "is_sharing_profile_user": 0,
        "is_star": false,
        "iso_country_code": "",
        "life_story_block": {
            "life_story_block": false
        },
        "live_commerce": true,
        "live_status": 0,
        "max_follower_count": 299824,
        "message_chat_entry": true,
        "mix_count": 5,
        "mplatform_followers_count": 304548,
        "new_friend_type": 0,
        "nickname": "老司机摄影器材",
        "no_recommend_user": true,
        "original_musician": {
            "digg_count": 0,
            "music_count": 0,
            "music_used_count": 0
        },
        "pigeon_daren_status": "",
        "pigeon_daren_warn_tag": "",
        "profile_tab_type": 5,
        "province": "",
        "public_collects_count": 0,
        "publish_landing_tab": 3,
        "r_fans_group_info": {},
        "recommend_reason_relation": "",
        "recommend_user_reason_source": 0,
        "risk_notice_text": "",
        "room_id": 0,
        "school_name": "",
        "sec_uid": "MS4wLjABAAAA85mPkf3FPVNmf_XTn4xpYrqB7kwPf7N7haPEJrRW8CQ",
        "secret": 0,
        "series_count": 0,
        "share_info": {
            "bool_persist": 1,
            "share_desc": "长按复制此条消息，打开抖音搜索，查看TA的更多作品。",
            "share_image_url": {
                "uri": "tos-cn-p-0015/cf422487c0a841f2aecbfa8baacc154c_1689845400",
                "url_list": [
                    "https://p6-pc-sign.douyinpic.com/obj/tos-cn-p-0015/cf422487c0a841f2aecbfa8baacc154c_1689845400?x-expires=1690095600&x-signature=LtFiYu1jClndNFonNKdSblz0ewc%3D&from=2480802190",
                    "https://p3-pc-sign.douyinpic.com/obj/tos-cn-p-0015/cf422487c0a841f2aecbfa8baacc154c_1689845400?x-expires=1690095600&x-signature=Rh9XdYMU6cyp4me2FRcoofjHOCs%3D&from=2480802190",
                    "https://p9-pc-sign.douyinpic.com/obj/tos-cn-p-0015/cf422487c0a841f2aecbfa8baacc154c_1689845400?x-expires=1690095600&x-signature=gkR5JLKNVrGNn3FkLpdt%2FSfsLRY%3D&from=2480802190"
                ]
            },
            "share_qrcode_url": {
                "uri": "9ba90004c7f4cd555885",
                "url_list": [
                    "https://p11.douyinpic.com/obj/9ba90004c7f4cd555885",
                    "https://p3.douyinpic.com/obj/9ba90004c7f4cd555885",
                    "https://p26.douyinpic.com/obj/9ba90004c7f4cd555885"
                ]
            },
            "share_title": "快来加入抖音，让你发现最有趣的我！",
            "share_url": "www.iesdouyin.com/share/user/MS4wLjABAAAA85mPkf3FPVNmf_XTn4xpYrqB7kwPf7N7haPEJrRW8CQ?sec_uid=MS4wLjABAAAA85mPkf3FPVNmf_XTn4xpYrqB7kwPf7N7haPEJrRW8CQ&from_ssr=1&u_code=l1j9bkbd&did=MS4wLjABAAAAtqpCx0hpOERbdSzQdjRZw-wFPxaqdbAzsKDmbJMUI3KWlMGQHC-n6dXAqa-dM2EP&iid=MS4wLjABAAAANwkJuWIRFOzg5uCpDRpMj4OX-QryoDgn-yYlXQnRwQQ&with_sec_did=1",
            "share_weibo_desc": "长按复制此条消息，打开抖音搜索，查看TA的更多作品。"
        },
        "short_id": "0",
        "show_favorite_list": false,
        "show_subscription": true,
        "signature": "📷【老司机摄影器材】老司机，不翻车\n📷  深圳二手相机、镜头\n📷 danfanlaosiji03\n📷  二手相机销售、回收、置换、估价\n📷  保修两年\n\n💰支持实体店自提，平台下单",
        "signature_display_lines": 0,
        "signature_language": "zh",
        "special_follow_status": 0,
        "sync_to_toutiao": 0,
        "tab_settings": {
            "enterprise_tab": {
                "show_tab_settings": true,
                "show_tab_style": 0,
                "tab_link": "aweme://lynxview/?enter_from=profile&channel=mp_lynx_tab&bundle=template.js&hide_nav_bar=1&dynamic=1&surl=https%3A%2F%2Flf-dy-sourcecdn-tos.bytegecko.com%2Fobj%2Fbyte-gurd-source%2Faweme%2Fplatform%2Flynx%2Fmp_lynx_tab%2Ftemplate.js&is_editor=0&is_checking=0&loading_bgcolor=00000000&needReloadWithTheme=1&use_bdx=1&trans_status_bar=1&use_gecko_first=1&container_bgcolor=00000000&page_enabled=1&page_priority=1&template_id=0&record_id=0&is_owner=0&sec_to_user_id=MS4wLjABAAAA85mPkf3FPVNmf_XTn4xpYrqB7kwPf7N7haPEJrRW8CQ&to_user_id=101881718376&business_type=0&offline_info_count=1&show_loading=1",
                "tab_type": 0,
                "title": "商家"
            },
            "private_tab": {
                "private_tab_style": 1,
                "show_private_tab": false
            }
        },
        "total_favorited": 2305265,
        "total_favorited_correction_threshold": -1,
        "twitter_id": "",
        "twitter_name": "",
        "uid": "101881718376",
        "unique_id": "danfanlaosiji",
        "urge_detail": {
            "user_urged": 0
        },
        "user_age": -1,
        "user_not_see": 0,
        "user_not_show": 1,
        "verification_type": 0,
        "video_cover": {},
        "video_icon": {
            "height": 720,
            "uri": "",
            "url_list": [],
            "width": 720
        },
        "watch_status": false,
        "white_cover_url": [
            {
                "uri": "tos-cn-i-0813/oYCAEmz7fAE3VIuEAeICACYAWFhEICANgyxpXh",
                "url_list": [
                    "https://p9-pc-sign.douyinpic.com/obj/tos-cn-i-0813/oYCAEmz7fAE3VIuEAeICACYAWFhEICANgyxpXh?x-expires=1690095600&x-signature=NAJ%2FjJEHPlY7HxKa0kE5fk7Cz1Y%3D&from=2480802190",
                    "https://p6-pc-sign.douyinpic.com/obj/tos-cn-i-0813/oYCAEmz7fAE3VIuEAeICACYAWFhEICANgyxpXh?x-expires=1690095600&x-signature=DiKX1ZdzN73ZC4yOaHDeGVVobwg%3D&from=2480802190",
                    "https://p3-pc-sign.douyinpic.com/obj/tos-cn-i-0813/oYCAEmz7fAE3VIuEAeICACYAWFhEICANgyxpXh?x-expires=1690095600&x-signature=L6vVRkoeX3t05kYybFKuh8J67mY%3D&from=2480802190"
                ]
            },
            {
                "uri": "318f1000413827e122102",
                "url_list": [
                    "https://p9-pc-sign.douyinpic.com/obj/318f1000413827e122102?x-expires=1690095600&x-signature=WtW5ogqxmw4rkpIFT2RZuMnLG18%3D&from=2480802190",
                    "https://p3-pc-sign.douyinpic.com/obj/318f1000413827e122102?x-expires=1690095600&x-signature=2nskyBWTs94oR7UUnPMq4GVSiIc%3D&from=2480802190",
                    "https://p6-pc-sign.douyinpic.com/obj/318f1000413827e122102?x-expires=1690095600&x-signature=WTu2Oj8KsYTPAjDh2GqPTryUF2Y%3D&from=2480802190"
                ]
            }
        ],
        "with_commerce_enterprise_tab_entry": false,
        "with_commerce_entry": true,
        "with_fusion_shop_entry": true,
        "with_new_goods": false,
        "youtube_channel_id": "",
        "youtube_channel_title": ""
    }
}