{
  "$schema": "http://json.schemastore.org/renovate",
  "extends": ["config:base"],
  "prHourlyLimit": 5,
  "schedule": ["before 3am on Monday"],
  "packageRules": [
    {
      "packagePatterns": ["^index.docker.io/sourcegraph/"],
      "excludePackageNames": ["index.docker.io/sourcegraph/grafana", "index.docker.io/sourcegraph/prometheus"],
      "groupName": "Sourcegraph Docker images",
      "versionScheme": "semver",
      "ignoreUnstable": false,
      "semanticCommits": false,
      "automerge": true
    },
    {
      "packageNames": ["index.docker.io/sourcegraph/grafana", "index.docker.io/sourcegraph/prometheus"],
      "groupName": "Sourcegraph Prometheus / Grafana Docker images",
      "allowedVersions": "<10.0",
      "versionScheme": "semver",
      "ignoreUnstable": false,
      "semanticCommits": false,
      "automerge": true
    },
    {
      "groupName": "Sourcegraph Docker images list",
      "packagePatterns": ["github.com/sourcegraph/sourcegraph/enterprise/dev/ci/images"],
      "allowedVersions": "~=0.0.0",
      "automerge": true
    }
  ],
  "masterIssue": true,
  "pinDigests": true
}
